question,answer
"What is the name of the college?","Bright Future College of Engineering."
"Where is the college located?","Bright Future College of Engineering is located in Chennai, Tamil Nadu."
"What courses does the college offer?","The college offers undergraduate engineering programs in Computer Science, Artificial Intelligence, Mechanical, Civil, and Electronics Engineering."
"Does the college offer Computer Science Engineering?","Yes, the college offers a Bachelor of Engineering program in Computer Science and Engineering."
"Does the college offer Artificial Intelligence courses?","Yes, the college offers an undergraduate program related to Artificial Intelligence and Data Science."
"What is the admission process?","Students can apply through the college admission process and must meet the required eligibility criteria."
"What is the eligibility for engineering admission?","Students must meet the academic eligibility requirements specified by the college and relevant admission authorities."
"Does the college provide hostel facilities?","Yes, hostel facilities are available for eligible students."
"Does the college provide placement support?","Yes, the college provides placement training and career support for students."
"What facilities are available?","The college provides classrooms, laboratories, a library, computer facilities, sports facilities, and student support services."
"Does the college have a library?","Yes, the college has a library for students and faculty members."
"Does the college provide computer laboratories?","Yes, computer laboratories are available for academic and practical learning."
"Does the college have sports facilities?","Yes, the college provides sports and recreational facilities for students."
"How can I contact the college?","Students can contact the college through its official admission office or official communication channels."
"Does the college provide scholarships?","Scholarship availability depends on eligibility criteria and applicable government or institutional schemes."
"What is the full name of the college?","The name of the college is Bright Future College of Engineering."
"Tell me the name of the college.","The college is called Bright Future College of Engineering."
"Which city is the college located in?","Bright Future College of Engineering is located in Chennai, Tamil Nadu."
"Where can I find the college?","Bright Future College of Engineering is located in Chennai, Tamil Nadu."
"Is the college located in Tamil Nadu?","Yes, Bright Future College of Engineering is located in Chennai, Tamil Nadu."

"What engineering branches are available?","The college offers Computer Science, Artificial Intelligence and Data Science, Mechanical, Civil, and Electronics Engineering programs."
"Which engineering branches are offered?","The college offers Computer Science, Artificial Intelligence and Data Science, Mechanical, Civil, and Electronics Engineering programs."
"What departments are available?","The college has Computer Science, Artificial Intelligence and Data Science, Mechanical, Civil, and Electronics Engineering departments."
"List the available engineering programs.","The available programs are Computer Science, Artificial Intelligence and Data Science, Mechanical, Civil, and Electronics Engineering."
"Which branches can I study?","Students can study Computer Science, Artificial Intelligence and Data Science, Mechanical, Civil, and Electronics Engineering."
"Tell me the engineering courses available.","The college provides Computer Science, Artificial Intelligence and Data Science, Mechanical, Civil, and Electronics Engineering programs."
"Does the college offer Mechanical Engineering?","Yes, the college offers a Mechanical Engineering program."
"Does the college offer Civil Engineering?","Yes, the college offers a Civil Engineering program."
"Does the college offer Electronics Engineering?","Yes, the college offers an Electronics Engineering program."
"Does the college provide Computer Science courses?","Yes, the college offers Computer Science and Engineering."
"Can I study Artificial Intelligence?","Yes, the college offers Artificial Intelligence and Data Science."

"How do I apply for admission?","Students can apply through the college admission process and must meet the required eligibility criteria."
"What is the procedure for admission?","Students must follow the college admission process and meet the required eligibility criteria."
"Who can apply for engineering admission?","Students who meet the required academic eligibility criteria can apply for engineering admission."
"What qualifications are required for admission?","Students must meet the academic eligibility requirements specified by the college and relevant admission authorities."
"Is there an eligibility requirement for admission?","Yes, students must meet the required academic eligibility criteria for admission."

"Is hostel available?","Yes, hostel facilities are available for eligible students."
"Can students stay in the college hostel?","Yes, eligible students can use the hostel facilities."
"Does the college have accommodation facilities?","Yes, hostel accommodation is available for eligible students."
"Is student accommodation provided?","Yes, hostel facilities are available for eligible students."
"Can outstation students stay in a hostel?","Yes, eligible students can stay in the hostel."

"Does the college help students get jobs?","Yes, the college provides placement training and career support for students."
"Is campus placement available?","Yes, the college provides placement training and career support."
"Does the college provide career guidance?","Yes, the college provides career and placement support for students."
"Will students receive placement training?","Yes, students receive placement training and career support."
"Is placement support provided?","Yes, the college provides placement support for students."

"What facilities does the college have?","The college provides classrooms, laboratories, a library, computer facilities, sports facilities, and student support services."
"Are laboratories available?","Yes, the college provides laboratories for academic and practical learning."
"Does the college have classrooms?","Yes, the college provides classrooms for students."
"Are computer facilities available?","Yes, computer facilities and computer laboratories are available for students."
"Can students use the library?","Yes, the college has a library for students and faculty members."
"What can students access on campus?","Students can access classrooms, laboratories, a library, computer facilities, sports facilities, and student support services."

"Does the college provide sports facilities?","Yes, the college provides sports and recreational facilities for students."
"Can students participate in sports?","Yes, sports and recreational facilities are available for students."
"Does the college have recreational facilities?","Yes, the college provides sports and recreational facilities."

"Are scholarships available?","Scholarship availability depends on eligibility criteria and applicable government or institutional schemes."
"Can students apply for scholarships?","Eligible students may apply for applicable government or institutional scholarship schemes."
"Does the college provide financial support?","Financial support may be available through applicable scholarship schemes based on eligibility."

"How can I contact the college?","Students can contact the college through its official admission office or official communication channels."
"Where can I get admission information?","Students can contact the official admission office for admission information."
"How do I get more information about the college?","Students can contact the college through its official communication channels."

"Tell me about Bright Future College of Engineering.","Bright Future College of Engineering is an engineering college located in Chennai, Tamil Nadu, offering programs in Computer Science, Artificial Intelligence and Data Science, Mechanical, Civil, and Electronics Engineering."
"What does the college offer?","The college offers engineering programs, academic facilities, hostel facilities for eligible students, placement support, library and computer facilities, sports facilities, and student support services."
"Why should I choose this college?","Bright Future College of Engineering offers engineering programs, academic facilities, placement support, hostel facilities for eligible students, and student support services."
"Give me a brief introduction to the college.","Bright Future College of Engineering is an engineering college located in Chennai, Tamil Nadu, offering multiple engineering programs and student support facilities."
"Can you provide information about the college?","Bright Future College of Engineering is located in Chennai, Tamil Nadu and offers engineering programs, academic facilities, hostel facilities for eligible students, placement support, and student support services."

